INSERT INTO Category (category_classif, category_desc, category_price, category_c) VALUES('президентский люкс', 'наличие мини-бара, сейфа, телевизора, кондиционера, капсульной кофемашины; двуспальная кровать не менее 200 на 220; наличие халата, тапочек, полотенец, фена, люксовых умывальных принадлежностей; теплый пол в ванной комнате, джакузи, сауна; гипоаллергенные постельные принадлежности; уборка 2 раза в день и бесплатно при вызове; рабочий стол; парковочное место в подземном паркинге бесплатно.', 70000, 2);

INSERT INTO Category (category_classif, category_desc, category_price, category_c) VALUES('президентский люкс', 'наличие мини-бара, сейфа, телевизора, кондиционера, капсульной кофемашины; двуспальная кровать не менее 200 на 220; наличие халата, тапочек, полотенец, фена, люксовых умывальных принадлежностей; теплый пол в ванной комнате, джакузи, сауна; гипоаллергенные постельные принадлежности; уборка 2 раза в день и бесплатно при вызове; рабочий стол; парковочное место в подземном паркинге бесплатно.', 45000, 1);

INSERT INTO Category (category_classif, category_desc, category_price, category_c) VALUES('люкс', 'наличие телевизора и мини-бара; наличие нескольких комбинированных источников освещения (потолочное, настольное, прикроватное); наличие кровати размером не менее 90 на 200 см; наличие халата, тапочек, полотенец, фена, умывальных принадлежностей; уборка каждый день.', 10500, 1);

INSERT INTO Category (category_classif, category_desc, category_price, category_c) VALUES('люкс', 'наличие телевизора и мини-бара; наличие нескольких комбинированных источников освещения (потолочное, настольное, прикроватное); наличие кровати размером не менее 160 на 200; наличие халата, тапочек, полотенец, фена, умывальных принадлежностей; уборка каждый день.', 15000, 2);

INSERT INTO Category (category_classif, category_desc, category_price, category_c) VALUES('стандарт', 'минимальная мебель (кровать, шкаф и тумбочка); минимум принадлежностей в ванной; уборка раз в три дня; смена белья раз в неделю.', 5000, 2);

INSERT INTO Category (category_classif, category_desc, category_price, category_c) VALUES('стандарт', 'минимальная мебель (кровать, шкаф и тумбочка); минимум принадлежностей в ванной; уборка раз в три дня; смена белья раз в неделю.', 3500, 1);

INSERT INTO Client (client_name, client_tel) VALUES('Жукова Антонина Тарасовна', '8 964 629 52 34');

INSERT INTO Client (client_name, client_tel) VALUES(' Турова Лидия Максимовна', '8 955 688 48 61');

INSERT INTO Client (client_name, client_tel) VALUES(' Устинов Антонин Власович', '8 973 656 33 06');

INSERT INTO Client (client_name, client_tel) VALUES('Титов Анатолий Гурьевич', '8 913 105 31 05');

INSERT INTO Client (client_name, client_tel) VALUES(' Александрова Дарья Эдуардовна', '8 942 245 89 36');

INSERT INTO Client (client_name, client_tel) VALUES('Цветкова Дарья Альбертовна', '8 864 828 29 42');

INSERT INTO Client (client_name, client_tel) VALUES('Гурьева Алевтина Антоновна', '8 863 996 08 29');

INSERT INTO Client (client_name, client_tel) VALUES('Суханова Виктория Руслановна', '8 945 569 90 85');

INSERT INTO Client (client_name, client_tel) VALUES(' Ширяева Анжела Ильинична', '8 942 262 03 14');

INSERT INTO Client (client_name, client_tel) VALUES('Белоусова Варвара Михайловна', '8 924 382 81 97');

INSERT INTO Client (client_name, client_tel) VALUES(' Хохлов Константин Ерофеевич', '8 869 611 89 33');

INSERT INTO Client (client_name, client_tel) VALUES('Костин Лонгин Валерьевич', '8 824 087 98 26');

INSERT INTO Client (client_name, client_tel) VALUES('Гущина Алла Матвеевна', '8 958 278 25 79');

INSERT INTO Client (client_name, client_tel) VALUES(' Костина Мария Робертовна', '8 961 081 44 42');

INSERT INTO Client (client_name, client_tel) VALUES(' Пестова Любовь Геннадиевна', '8 934 223 94 69');

INSERT INTO Client (client_name, client_tel) VALUES('Сорокина Ульяна Сергеевна', '8 951 228 86 11');

INSERT INTO Client (client_name, client_tel) VALUES('Ковалев Ефрем Харлампович', '8 974 304 43 03');

INSERT INTO Client (client_name, client_tel) VALUES('Беляев Эмиль Германович', '8 961 721 37 14');

INSERT INTO Client (client_name, client_tel) VALUES('Емельянова Евфросиния Эдуардовна', '8 961 013 17 53');

INSERT INTO Client (client_name, client_tel) VALUES(' Данилова Маргарита Вячеславовна', '8 819 400 10 65');

INSERT INTO Room (room_number, category_id) VALUES(1, 2);

INSERT INTO Room (room_number, category_id) VALUES(2, 1);

INSERT INTO Room (room_number, category_id) VALUES(3, 6);

INSERT INTO Room (room_number, category_id) VALUES(4, 5);

INSERT INTO Room (room_number, category_id) VALUES(5, 2);

INSERT INTO Room (room_number, category_id) VALUES(6, 3);

INSERT INTO Room (room_number, category_id) VALUES(7, 6);

INSERT INTO Room (room_number, category_id) VALUES(8, 4);

INSERT INTO Room (room_number, category_id) VALUES(9, 3);

INSERT INTO Room (room_number, category_id) VALUES(10, 4);

INSERT INTO Room (room_number, category_id) VALUES(11, 2);

INSERT INTO Room (room_number, category_id) VALUES(12, 3);

INSERT INTO Room (room_number, category_id) VALUES(13, 3);

INSERT INTO Room (room_number, category_id) VALUES(14, 6);

INSERT INTO Room (room_number, category_id) VALUES(15, 5);

INSERT INTO Room (room_number, category_id) VALUES(16, 6);

INSERT INTO Room (room_number, category_id) VALUES(17, 3);

INSERT INTO Room (room_number, category_id) VALUES(18, 3);

INSERT INTO Room (room_number, category_id) VALUES(19, 3);

INSERT INTO Room (room_number, category_id) VALUES(20, 2);

INSERT INTO Room (room_number, category_id) VALUES(21, 6);

INSERT INTO Room (room_number, category_id) VALUES(22, 4);

INSERT INTO Room (room_number, category_id) VALUES(23, 1);

INSERT INTO Room (room_number, category_id) VALUES(24, 5);

INSERT INTO Room (room_number, category_id) VALUES(25, 2);

INSERT INTO Room (room_number, category_id) VALUES(26, 1);

INSERT INTO Room (room_number, category_id) VALUES(27, 2);

INSERT INTO Room (room_number, category_id) VALUES(28, 3);

INSERT INTO Room (room_number, category_id) VALUES(29, 3);

INSERT INTO Room (room_number, category_id) VALUES(30, 6);

INSERT INTO Residence (room_number, client_id, residence_date) VALUES(1, 1, '2022-02-12');

INSERT INTO Residence (room_number, client_id, residence_date) VALUES(1, 1, '2022-02-13');

INSERT INTO Residence (room_number, client_id, residence_date) VALUES(1, 1, '2022-02-14');

INSERT INTO Residence (room_number, client_id, residence_date) VALUES(1, 1, '2022-02-15');

INSERT INTO Residence (room_number, client_id, residence_date) VALUES(18, 5, '2022-01-01');

INSERT INTO Residence (room_number, client_id, residence_date) VALUES(18, 5, '2022-01-02');

INSERT INTO Residence (room_number, client_id, residence_date) VALUES(18, 5, '2022-01-03');

INSERT INTO Residence (room_number, client_id, residence_date) VALUES(18, 5, '2022-01-04');

INSERT INTO Residence (room_number, client_id, residence_date) VALUES(18, 5, '2022-01-05');

INSERT INTO Residence (room_number, client_id, residence_date) VALUES(28, 7, '2021-12-30');

INSERT INTO Residence (room_number, client_id, residence_date) VALUES(28, 7, '2021-12-31');

INSERT INTO Residence (room_number, client_id, residence_date) VALUES(28, 7, '2022-01-01');

INSERT INTO Residence (room_number, client_id, residence_date) VALUES(28, 7, '2022-01-02');

INSERT INTO Residence (room_number, client_id, residence_date) VALUES(28, 7, '2022-01-03');

INSERT INTO Residence (room_number, client_id, residence_date) VALUES(28, 7, '2022-01-04');

INSERT INTO Residence (room_number, client_id, residence_date) VALUES(28, 7, '2022-01-05');

INSERT INTO Residence (room_number, client_id, residence_date) VALUES(28, 7, '2022-01-06');

INSERT INTO Residence (room_number, client_id, residence_date) VALUES(11, 15, '2022-01-10');

INSERT INTO Residence (room_number, client_id, residence_date) VALUES(11, 15, '2022-01-11');

INSERT INTO Residence (room_number, client_id, residence_date) VALUES(11, 15, '2022-01-12');

INSERT INTO Residence (room_number, client_id, residence_date) VALUES(11, 15, '2022-01-13');

INSERT INTO Residence (room_number, client_id, residence_date) VALUES(11, 15, '2022-01-14');

INSERT INTO Residence (room_number, client_id, residence_date) VALUES(12, 5, '2022-02-04');

INSERT INTO Residence (room_number, client_id, residence_date) VALUES(12, 5, '2022-02-05');

INSERT INTO Residence (room_number, client_id, residence_date) VALUES(28, 18, '2022-01-25');

INSERT INTO Residence (room_number, client_id, residence_date) VALUES(28, 18, '2022-01-26');

INSERT INTO Residence (room_number, client_id, residence_date) VALUES(28, 18, '2022-01-27');

INSERT INTO Residence (room_number, client_id, residence_date) VALUES(28, 18, '2022-01-28');

INSERT INTO Reservation (reservation_date, room_number, client_id) VALUES('2021-02-19', 28, 14);

INSERT INTO Reservation (reservation_date, room_number, client_id) VALUES('2021-02-20', 28, 14);

INSERT INTO Reservation (reservation_date, room_number, client_id) VALUES('2021-02-21', 28, 14);

INSERT INTO Reservation (reservation_date, room_number, client_id) VALUES('2021-02-22', 28, 14);

INSERT INTO Reservation (reservation_date, room_number, client_id) VALUES('2021-02-23', 28, 14);

INSERT INTO Reservation (reservation_date, room_number, client_id) VALUES('2021-02-24', 28, 14);

INSERT INTO Reservation (reservation_date, room_number, client_id) VALUES('2022-03-04', 24, 5);

INSERT INTO Reservation (reservation_date, room_number, client_id) VALUES('2022-03-05', 24, 5);

INSERT INTO Reservation (reservation_date, room_number, client_id) VALUES('2022-03-06', 24, 5);

INSERT INTO Reservation (reservation_date, room_number, client_id) VALUES('2022-03-07', 24, 5);

INSERT INTO Reservation (reservation_date, room_number, client_id) VALUES('2022-03-25', 18, 3);

INSERT INTO Reservation (reservation_date, room_number, client_id) VALUES('2022-03-26', 18, 3);

INSERT INTO Reservation (reservation_date, room_number, client_id) VALUES('2022-03-27', 18, 3);

INSERT INTO Reservation (reservation_date, room_number, client_id) VALUES('2022-03-28', 18, 3);

INSERT INTO Reservation (reservation_date, room_number, client_id) VALUES('2022-03-29', 18, 3);

INSERT INTO Reservation (reservation_date, room_number, client_id) VALUES('2022-03-30', 18, 3);

INSERT INTO Reservation (reservation_date, room_number, client_id) VALUES('2022-04-12', 23, 19);

INSERT INTO Reservation (reservation_date, room_number, client_id) VALUES('2022-04-13', 23, 19);

INSERT INTO Reservation (reservation_date, room_number, client_id) VALUES('2022-04-14', 23, 19);

INSERT INTO Reservation (reservation_date, room_number, client_id) VALUES('2022-04-15', 23, 19);

INSERT INTO Reservation (reservation_date, room_number, client_id) VALUES('2022-04-16', 23, 19);

INSERT INTO Reservation (reservation_date, room_number, client_id) VALUES('2022-05-17', 8, 12);

INSERT INTO Reservation (reservation_date, room_number, client_id) VALUES('2022-05-18', 8, 12);

INSERT INTO Reservation (reservation_date, room_number, client_id) VALUES('2022-05-19', 8, 12);

INSERT INTO Reservation (reservation_date, room_number, client_id) VALUES('2022-05-07', 10, 13);

INSERT INTO Reservation (reservation_date, room_number, client_id) VALUES('2022-05-08', 10, 13); 
